timestamp,underlying,atm_iv
2026-08-28T16:27:18.919276,SPY,0.0892
2026-08-28T18:28:58.558237,SPY,0.0764
2026-08-28T18:43:52.374586,SPY,0.0799
2026-08-28T18:44:29.824993,SPY,0.0783
2026-08-28T18:45:12.231648,SPY,0.0793
2026-08-28T18:46:49.115001,SPY,0.0737
2026-08-28T18:47:07.866052,SPY,0.0691
2026-08-28T18:48:07.113012,SPY,0.0803
2026-08-28T18:49:18.092421,SPY,0.0751
2026-08-28T18:50:11.860974,SPY,0.0809
2026-08-28T18:54:10.288650,SPY,0.0798
2026-08-28T19:09:10.062498,SPY,0.0682
2026-08-28T19:24:13.633445,SPY,0.0664
2026-08-28T19:39:10.464101,SPY,0.0771
